{
  "mm_per_px": 0.023870776001507957,
  "px_per_mm": 41.892228385739465,
  "physical_mm_between_points": 20.0,
  "frame_idx": 0,
  "pt1": [
    106,
    871
  ],
  "pt2": [
    944,
    877
  ],
  "image_size_hw": [
    1024,
    1024
  ],
  "timestamp": "2025-11-20 18:03:57",
  "ui": "matplotlib_cursor"
}