{
  "mm_per_px": 0.023871527777777776,
  "px_per_mm": 41.89090909090909,
  "physical_mm_between_points": 20.0,
  "frame_idx": 0,
  "pt1": [
    106,
    877
  ],
  "pt2": [
    944,
    877
  ],
  "image_size_hw": [
    1024,
    1024
  ],
  "timestamp": "2025-10-30 13:46:38",
  "ui": "matplotlib_cursor"
}