{
  "mm_per_px": 0.023730276134122288,
  "px_per_mm": 42.14025974025974,
  "physical_mm_between_points": 20.0,
  "frame_idx": 0,
  "pt1": [
    94,
    877
  ],
  "pt2": [
    937,
    877
  ],
  "image_size_hw": [
    1024,
    1024
  ],
  "timestamp": "2025-10-29 09:47:32",
  "ui": "matplotlib_cursor"
}